"Nome","Bairro/Região","Telefone","Link WhatsApp","Nota","Avaliações","Ângulo","Mensagem"
"Bless Moda Masculina","Itapoã","+55 31 98842-3442","https://wa.me/5531988423442","5","157","Muitas avaliações - automação/catálogo","Oi! 157 avaliações é muita gente atendida — tudo isso com nota máxima. Um site à altura disso captaria cliente direto do Google, sem depender só de indicação. Quer ver uma demonstração?"
"Vitrine das Amigas","São Gabriel","+55 31 98366-4943","https://wa.me/5531983664943","5","91","Muitas avaliações - automação/catálogo","Oi, Vitrine das Amigas! Vi que vocês acumulam 91 avaliações em São Gabriel com nota máxima — um dos perfis mais fortes que achei na região. Com um site, esse trabalho passa a se vender sozinho: catálogo, contato e orçamento sem precisar de atendente. Consigo te mostrar um modelo?"
"Clorophila Brasil","Santa Monica","+55 31 99257-0770","https://wa.me/5531992570770","5","71","Muitas avaliações - automação/catálogo","Oi, pessoal da Clorophila Brasil! 71 avaliações com nota máxima não é sorte — é trabalho bem feito. Um site transformaria esse movimento em venda até fora do horário. Posso te mandar um exemplo?"
"Ágape Moda e Acessórios","Nova Pampulha","+55 31 99392-6678","https://wa.me/5531993926678","5","57","Muitas avaliações - automação/catálogo","Olá, Ágape Moda e Acessórios! 57 avaliações em Nova Pampulha com nota máxima — a prova está nos números, falta só uma vitrine pra quem chega pelo Google. Com esse volume, um site com catálogo e agendamento online tiraria peso do WhatsApp e organizaria melhor o fluxo. Topa dar uma olhada num exemplo?"
"Louise Lane","Sion","+55 31 99765-9473","https://wa.me/5531997659473","5","54","Muitas avaliações - automação/catálogo","Oi! Tudo certo? 54 avaliações com nota máxima no Google é prova de atendimento consistente — parabéns! Um catálogo online deixaria parte do atendimento automática, sem perder qualidade, e abriria espaço pra crescer em horários que hoje ficam parados. Posso te mostrar como funcionaria?"
"DG Moda Fitness","Guarani","+55 31 97523-2931","https://wa.me/5531975232931","5","53","Muitas avaliações - automação/catálogo","Oi, DG Moda Fitness! 53 avaliações é muita gente atendida — tudo isso com nota máxima. Com esse volume, um site com catálogo e agendamento online tiraria peso do WhatsApp e organizaria melhor o fluxo. Topa dar uma olhada num exemplo?"
"Alternativa Modas","Cardoso","+55 31 99871-5739","https://wa.me/5531998715739","5","45","Presença digital básica - concorrência","Oi, tudo bem? A Alternativa Modas em Cardoso tem nota máxima, mas sem site, sem catálogo e sem página própria, quem pesquisa nem sabe o que vocês fazem. Posso montar um modelo gratuito pra vocês verem como ficaria. Interessado?"
"Juju kids","Vila Santa Rita","+55 31 98620-5812","https://wa.me/5531986205812","5","44","Presença digital básica - concorrência","Oi, Juju kids! Vi a loja de vocês em Vila Santa Rita com nota máxima no Google, mas quase sem informações pra quem pesquisa. Um site simples resolve isso rapidinho e evita perder cliente pra concorrência. Posso te mostrar um exemplo?"
"JANETE CASTRO CONSULTORIA DE IMAGEM","Araguaia","+55 31 98811-1721","https://wa.me/5531988111721","5","41","Presença digital básica - concorrência","Olá! Encontrei a loja de vocês em Araguaia no Google, mas o perfil tem pouquíssima informação. Enquanto isso, quem pesquisa acaba indo pra concorrência. Um site simples resolve isso. Quer ver uma demonstração?"
"Nina Moda Fashion","Brasil Industrial","+55 31 99902-2091","https://wa.me/5531999022091","5","40","Presença digital básica - concorrência","Oi! Te achei pesquisando lojas na região. A loja de vocês em Brasil Industrial aparece no Google com nota máxima, mas quem clica não encontra site nem catálogo. E acaba fechando com quem aparece melhor. Uma página simples muda esse jogo. Topa ver como ficaria?"
"S&S MODA PLUS SIZE","Novo Santa Cecília","+55 31 99582-6363","https://wa.me/5531995826363","5","39","Presença digital básica - concorrência","Oi! Encontrei a loja de vocês que trabalha com roupas em Novo Santa Cecília — nota máxima no Google, mas o perfil não ajuda quem pesquisa. Um site simples custa pouco e pesa muito na hora do cliente escolher. Posso te enviar um exemplo?"
"Bloom!","Lourdes","+55 31 99114-2224","https://wa.me/5531991142224","5","36","Presença digital básica - concorrência","Oi, tudo bem? Pesquisei vocês em Lourdes e a única coisa que achei foi o Google com nota máxima — site e catálogo não existem. Um site resolveria isso em poucos dias. Quer ver um modelo?"
"Mix Store Moda e Acessórios","Itapoã","+55 31 98864-0018","https://wa.me/5531988640018","5","29","Presença digital básica - concorrência","Oi, Mix Store Moda e Acessórios! O perfil de vocês em Itapoã no Google tem nota máxima, mas não leva ninguém a lugar nenhum — sem site, sem catálogo, sem WhatsApp visível. Uma página simples conserta isso e ainda ajuda o Google a te achar. Quer ver o que eu faria?"
"Lux.Boutique","Itapoã","+55 31 98491-0206","https://wa.me/5531984910206","5","28","Presença digital básica - concorrência","Olá! Vocês aparecem em Itapoã com nota máxima, mas quem pesquisa só encontra o perfil do Google — e nada além disso. Posso te mostrar, em dois minutos, como ficaria a página de vocês. Sem compromisso, quer ver?"
"Lila Store","Floramar","+55 31 3212-1368","https://wa.me/553132121368","5","28","Presença digital básica - concorrência","Oi! Te achei pesquisando lojas na região. A Lila Store em Floramar tem nota máxima, mas sem site, sem catálogo e sem página própria, quem pesquisa nem sabe o que vocês fazem. Uma página simples resolveria isso rápido — e custa menos do que vocês imaginam. Topa dar uma olhada num exemplo?"
"Conserto de Roupas Tirol","Tirol","+55 31 97167-3778","https://wa.me/5531971673778","5","25","Presença digital básica - concorrência","Oi! Vi a loja de vocês em Tirol com nota máxima no Google, mas quase sem informações pra quem pesquisa. Posso montar um modelo gratuito pra vocês verem como ficaria. Interessado?"
"Estação Fitness","Santa Monica","+55 31 3586-6413","https://wa.me/553135866413","5","22","Presença digital básica - concorrência","Oi, tudo bem? Encontrei a loja de vocês em Santa Monica no Google, mas o perfil tem pouquíssima informação. Um site simples resolve isso rapidinho e evita perder cliente pra concorrência. Posso te mostrar um exemplo?"
"Loja Liáh","Itapoã","+55 31 98335-1852","https://wa.me/5531983351852","5","19","Nota alta + poucas avaliações - credibilidade","Oi, Loja Liáh! O perfil de vocês em Itapoã acumula nota máxima, mas são poucas avaliações pra transformar isso em confiança na busca. E é exatamente aí que um site simples entra: mostra o trabalho e segura quem pesquisa. Posso te mostrar um exemplo?"
"Liz moda surf","São Gabriel","+55 31 98571-6306","https://wa.me/5531985716306","5","19","Nota alta + poucas avaliações - credibilidade","Olá! Como vai? nota máxima em São Gabriel é um belo cartão de visita — só falta gente pra confirmar isso publicamente no Google. Com um site, essa nota vira argumento de venda. Quer ver como aplicaria?"
"Luiza Carla Moda e Variedades","Bonsucesso","+55 31 98603-9920","https://wa.me/5531986039920","5","17","Nota alta + poucas avaliações - credibilidade","Oi! Tava procurando lojas por aqui e encontrei vocês. Vi a loja de vocês aqui em Bonsucesso com nota máxima — só que ainda com poucas avaliações, uma pena, porque essa nota merecia aparecer mais. Uma página de apresentação simples mudaria isso em poucos dias. Quer ver um exemplo do que eu faria?"
"Lola Modas","Fernão Dias","+55 31 99821-7228","https://wa.me/5531998217228","5","15","Nota alta + poucas avaliações - credibilidade","Oi! Achei o perfil de vocês em Fernão Dias com nota máxima — parabéns! Uma nota que a maioria das lojas da região não tem. Posso te mandar um modelo de página pensado exatamente pra esse caso? É sem compromisso."
"TS Modas","Tupi","+55 31 97314-3380","https://wa.me/5531973143380","5","15","Nota alta + poucas avaliações - credibilidade","Oi, tudo bem? A loja de vocês em Tupi tem nota máxima no Google, mas poucas avaliações pra comprovar. Com essa nota, um site simples vira a prova que falta. Quer ver um exemplo?"
"Klaene Modas","Miramar (Barreiro)","+55 31 99543-9763","https://wa.me/5531995439763","5","12","Nota alta + poucas avaliações - credibilidade","Oi, Klaene Modas! Vocês têm nota máxima em Miramar (Barreiro), mas quase nenhuma avaliação pra corroborar. Um site profissional ajuda bastante nisso, reforçando a credibilidade pra quem tá pesquisando. Posso te mostrar como ficaria?"
"Rosa Choque moda feminina","Floramar","+55 31 98697-3531","https://wa.me/5531986973531","5","9","Nota alta + poucas avaliações - credibilidade","Olá! Como vai? O Google mostra a loja de vocês em Floramar com nota máxima, mas são poucas avaliações — e quem ainda não conhece procura prova antes de chamar. Um site profissional puxaria mais gente que pesquisa uma loja confiável na região — a nota de vocês fala por si só. Quer ver um exemplo rápido?"
"Clara Modas Atacado e varejo","São Benedito","","","5","8","Sem telefone no cadastro","Oi! Vi seu registro no Google. Encontrei o perfil de vocês no Google em São Benedito com nota máxima — a reputação existe, mas ninguém acha contato nem site. Um site simples mudaria isso e evita perder espaço pra concorrência. Posso te mostrar um exemplo? É só responder por aqui."
"Aurora","Juliana","+55 31 98628-8609","https://wa.me/5531986288609","5","8","Nota alta + poucas avaliações - credibilidade","Oi! Encontrei o perfil de vocês em Juliana com nota máxima, mas com tão poucas avaliações que a nota acaba não pesando na escolha. E é exatamente aí que um site simples entra: mostra o trabalho e segura quem pesquisa. Posso te mostrar um exemplo?"
"MARYÁS MODA ÍNTIMA","Araguaia","+55 31 98218-4079","https://wa.me/5531982184079","5","7","Nota alta + poucas avaliações - credibilidade","Oi, tudo bem? Vi a nota máxima em Araguaia no perfil de vocês, mas com tão poucas avaliações que ela ainda nem aparece direito no Google. Com um site, essa nota vira argumento de venda. Quer ver como aplicaria?"
"Loja Seja","São José","+55 31 3653-4429","https://wa.me/553136534429","5","7","Nota alta + poucas avaliações - credibilidade","Oi, Loja Seja! O perfil de vocês em São José acumula nota máxima, mas são poucas avaliações pra transformar isso em confiança na busca. Uma página de apresentação simples mudaria isso em poucos dias. Quer ver um exemplo do que eu faria?"
"Lua Dourada Modas","Tupi","+55 31 99561-9113","https://wa.me/5531995619113","5","6","Nota alta + poucas avaliações - credibilidade","Olá! Como vai? nota máxima em Tupi é um belo cartão de visita — só falta gente pra confirmar isso publicamente no Google. Posso te mandar um modelo de página pensado exatamente pra esse caso? É sem compromisso."
"Loja de Roupa Feminina Closet da Ju","Céu Azul","+55 31 98496-5347","https://wa.me/5531984965347","5","5","Nota alta + poucas avaliações - credibilidade","Oi! Tava procurando lojas por aqui e encontrei vocês. Vi a loja de vocês aqui em Céu Azul com nota máxima — só que ainda com poucas avaliações, uma pena, porque essa nota merecia aparecer mais. Com essa nota, um site simples vira a prova que falta. Quer ver um exemplo?"
"Loja Amarilis","Aeroporto","+55 31 99666-7983","https://wa.me/5531996667983","5","5","Nota alta + poucas avaliações - credibilidade","Oi! Achei o perfil de vocês em Aeroporto com nota máxima — parabéns! Uma nota que a maioria das lojas da região não tem. Um site profissional ajuda bastante nisso, reforçando a credibilidade pra quem tá pesquisando. Posso te mostrar como ficaria?"
"Loja Eu E Elas","Guarani","+55 31 99497-0160","https://wa.me/5531994970160","5","5","Nota alta + poucas avaliações - credibilidade","Oi, tudo bem? A loja de vocês que trabalha com roupas em Guarani tem nota máxima no Google, mas poucas avaliações pra comprovar. Um site profissional puxaria mais gente que pesquisa uma loja confiável na região — a nota de vocês fala por si só. Quer ver um exemplo rápido?"
"RM Griffes Vale do Jatobá","Santa Cecilia (Vale do Jatoba)","+55 31 97524-7228","https://wa.me/5531975247228","5","4","Nota alta + poucas avaliações - credibilidade","Oi, RM Griffes Vale do Jatobá! Vocês têm nota máxima em Santa Cecilia (Vale do Jatoba), mas quase nenhuma avaliação pra corroborar. Um site profissional transforma essa reputação em cliente novo e mostra o trabalho de vocês. Topa ver um modelo?"
"Trelelê Brechó Infantil","Santa Cecilia (Vale do Jatoba)","+55 31 97342-5105","https://wa.me/5531973425105","5","4","Nota alta + poucas avaliações - credibilidade","Olá! Como vai? O Google mostra a loja de vocês em Santa Cecilia (Vale do Jatoba) com nota máxima, mas são poucas avaliações — e quem ainda não conhece procura prova antes de chamar. E é exatamente aí que um site simples entra: mostra o trabalho e segura quem pesquisa. Posso te mostrar um exemplo?"
"Lu Modas","Guarani","+55 31 99529-1869","https://wa.me/5531995291869","5","4","Nota alta + poucas avaliações - credibilidade","Oi! Tava procurando lojas por aqui e encontrei vocês. A nota máxima em Guarani não bate com o número de avaliações — merecia aparecer mais pra quem pesquisa. Com um site, essa nota vira argumento de venda. Quer ver como aplicaria?"
"Ousadia","Floramar","+55 31 99170-6330","https://wa.me/5531991706330","5","4","Nota alta + poucas avaliações - credibilidade","Oi! Encontrei o perfil de vocês em Floramar com nota máxima, mas com tão poucas avaliações que a nota acaba não pesando na escolha. Uma página de apresentação simples mudaria isso em poucos dias. Quer ver um exemplo do que eu faria?"
"For Girls Moda Feminina","Guarani","+55 31 98477-4445","https://wa.me/5531984774445","5","4","Nota alta + poucas avaliações - credibilidade","Oi, tudo bem? Vi a nota máxima em Guarani no perfil de vocês, mas com tão poucas avaliações que ela ainda nem aparece direito no Google. Posso te mandar um modelo de página pensado exatamente pra esse caso? É sem compromisso."
"Lojao do 12+","Tupi","+55 31 98216-2940","https://wa.me/5531982162940","5","4","Nota alta + poucas avaliações - credibilidade","Oi, Lojao do 12+! O perfil de vocês em Tupi acumula nota máxima, mas são poucas avaliações pra transformar isso em confiança na busca. Com essa nota, um site simples vira a prova que falta. Quer ver um exemplo?"
"LOJA DE ROUPAS MASCULINA E FEMININA DIFÉRENTE","Itapoã","+55 31 99269-6354","https://wa.me/5531992696354","5","3","Nota alta + poucas avaliações - credibilidade","Olá! Como vai? nota máxima em Itapoã é um belo cartão de visita — só falta gente pra confirmar isso publicamente no Google. Um site profissional ajuda bastante nisso, reforçando a credibilidade pra quem tá pesquisando. Posso te mostrar como ficaria?"
"Adriana Lopes Moda","Ouro Preto","+55 31 99849-6728","https://wa.me/5531998496728","5","3","Nota alta + poucas avaliações - credibilidade","Oi! Tava procurando lojas por aqui e encontrei vocês. Vi a loja de vocês aqui em Ouro Preto com nota máxima — só que ainda com poucas avaliações, uma pena, porque essa nota merecia aparecer mais. Um site profissional puxaria mais gente que pesquisa uma loja confiável na região — a nota de vocês fala por si só. Quer ver um exemplo rápido?"
"Loja Mulher Virtuosa","Candelária","+55 31 98519-6929","https://wa.me/5531985196929","5","3","Nota alta + poucas avaliações - credibilidade","Oi! Achei o perfil de vocês em Candelária com nota máxima — parabéns! Uma nota que a maioria das lojas da região não tem. Um site profissional transforma essa reputação em cliente novo e mostra o trabalho de vocês. Topa ver um modelo?"
"Lojão Vila Pinho","Vila Santa Rita","","","5","2","Sem telefone no cadastro","Oi, tudo bem? A loja de vocês em Vila Santa Rita aparece no Google com nota máxima, mas sem telefone nem site pra quem quer chamar — e isso espanta cliente. Um exemplo simples de página mudaria isso. Posso te enviar?"
"Elegant Essence Moda","Bonsucesso","+55 31 97523-9104","https://wa.me/5531975239104","5","2","Nota alta + poucas avaliações - credibilidade","Oi, Elegant Essence Moda! Vocês têm nota máxima em Bonsucesso, mas quase nenhuma avaliação pra corroborar. Com um site, essa nota vira argumento de venda. Quer ver como aplicaria?"
"Via Lobo Modas","Guarani","+55 31 98755-1293","https://wa.me/5531987551293","5","2","Nota alta + poucas avaliações - credibilidade","Olá! Como vai? O Google mostra a loja de vocês em Guarani com nota máxima, mas são poucas avaliações — e quem ainda não conhece procura prova antes de chamar. Uma página de apresentação simples mudaria isso em poucos dias. Quer ver um exemplo do que eu faria?"
"Selma Modas","Goiânia","+55 31 99701-0896","https://wa.me/5531997010896","5","2","Nota alta + poucas avaliações - credibilidade","Oi! Tava procurando lojas por aqui e encontrei vocês. A nota máxima em Goiânia não bate com o número de avaliações — merecia aparecer mais pra quem pesquisa. Posso te mandar um modelo de página pensado exatamente pra esse caso? É sem compromisso."
"MM Modas","Pirajá","+55 31 3432-6745","https://wa.me/553134326745","5","2","Nota alta + poucas avaliações - credibilidade","Oi! Encontrei o perfil de vocês em Pirajá com nota máxima, mas com tão poucas avaliações que a nota acaba não pesando na escolha. Com essa nota, um site simples vira a prova que falta. Quer ver um exemplo?"
"Magnólia Moda","Providência","+55 31 98963-0569","https://wa.me/5531989630569","5","2","Nota alta + poucas avaliações - credibilidade","Oi, tudo bem? Vi a nota máxima em Providência no perfil de vocês, mas com tão poucas avaliações que ela ainda nem aparece direito no Google. Um site profissional ajuda bastante nisso, reforçando a credibilidade pra quem tá pesquisando. Posso te mostrar como ficaria?"
"ENJOY MODAS","Trevo","+55 31 98269-0487","https://wa.me/5531982690487","5","2","Nota alta + poucas avaliações - credibilidade","Oi, ENJOY MODAS! O perfil de vocês em Trevo acumula nota máxima, mas são poucas avaliações pra transformar isso em confiança na busca. Um site profissional puxaria mais gente que pesquisa uma loja confiável na região — a nota de vocês fala por si só. Quer ver um exemplo rápido?"
"Di Modas","Novo Aarão Reis","+55 31 98640-9199","https://wa.me/5531986409199","5","2","Nota alta + poucas avaliações - credibilidade","Olá! Como vai? nota máxima em Novo Aarão Reis é um belo cartão de visita — só falta gente pra confirmar isso publicamente no Google. Um site profissional transforma essa reputação em cliente novo e mostra o trabalho de vocês. Topa ver um modelo?"
"Patricia Dias Store","Planalto","+55 31 99712-9615","https://wa.me/5531997129615","5","2","Nota alta + poucas avaliações - credibilidade","Oi! Tava procurando lojas por aqui e encontrei vocês. Vi a loja de vocês aqui em Planalto com nota máxima — só que ainda com poucas avaliações, uma pena, porque essa nota merecia aparecer mais. E é exatamente aí que um site simples entra: mostra o trabalho e segura quem pesquisa. Posso te mostrar um exemplo?"
"Fashion News","Guarani","+55 31 98710-3359","https://wa.me/5531987103359","5","2","Nota alta + poucas avaliações - credibilidade","Oi! Achei o perfil de vocês em Guarani com nota máxima — parabéns! Uma nota que a maioria das lojas da região não tem. Com um site, essa nota vira argumento de venda. Quer ver como aplicaria?"
"Lela stores","Jardim Felicidade","","","5","2","Sem telefone no cadastro","Oi, tudo bem? Vi o perfil de vocês no Google em Jardim Felicidade com nota máxima, mas quase sem informação pra quem procura. Um exemplo simples de página mudaria isso. Posso te enviar?"
"Lumai Malhas","Barreiro de Lima","+55 31 3383-7080","https://wa.me/553133837080","5","1","Nota alta + poucas avaliações - credibilidade","Oi, Lumai Malhas! Vocês têm nota máxima em Barreiro de Lima, mas quase nenhuma avaliação pra corroborar. Posso te mandar um modelo de página pensado exatamente pra esse caso? É sem compromisso."
"S.O.S Conserto E Reforma De Roupas","Miramar (Barreiro)","","","5","1","Sem telefone no cadastro","Olá! A loja de vocês em Miramar (Barreiro) aparece no Google com nota máxima, mas sem telefone nem site pra quem quer chamar — e isso espanta cliente. Um site simples resolve isso rapidinho e evita perder cliente pra concorrência. Consigo te mostrar um exemplo, é só me chamar por aqui."
"Loja de Roupas MAXIMO MODAS","Maria Goretti","+55 31 99844-8255","https://wa.me/5531998448255","5","1","Nota alta + poucas avaliações - credibilidade","Oi! Tava procurando lojas por aqui e encontrei vocês. A nota máxima em Maria Goretti não bate com o número de avaliações — merecia aparecer mais pra quem pesquisa. Um site profissional ajuda bastante nisso, reforçando a credibilidade pra quem tá pesquisando. Posso te mostrar como ficaria?"
"Store Dona Onça","Heliópolis","+55 31 99151-4389","https://wa.me/5531991514389","5","1","Nota alta + poucas avaliações - credibilidade","Oi! Encontrei o perfil de vocês em Heliópolis com nota máxima, mas com tão poucas avaliações que a nota acaba não pesando na escolha. Um site profissional puxaria mais gente que pesquisa uma loja confiável na região — a nota de vocês fala por si só. Quer ver um exemplo rápido?"
"Rosana modas","Novo Alvorada","+55 31 98349-1041","https://wa.me/5531983491041","5","1","Nota alta + poucas avaliações - credibilidade","Oi, tudo bem? Vi a nota máxima em Novo Alvorada no perfil de vocês, mas com tão poucas avaliações que ela ainda nem aparece direito no Google. Um site profissional transforma essa reputação em cliente novo e mostra o trabalho de vocês. Topa ver um modelo?"
"MigaLoca Store","São Bernardo","+55 31 98638-3780","https://wa.me/5531986383780","5","1","Nota alta + poucas avaliações - credibilidade","Oi! Tava procurando lojas por aqui e encontrei vocês. A nota máxima em São Bernardo não bate com o número de avaliações — merecia aparecer mais pra quem pesquisa. Um site profissional transforma essa reputação em cliente novo e mostra o trabalho de vocês. Topa ver um modelo?"
"Le Marquise Moda Casual e Fitnees","Jardim Leblon","+55 31 98543-7057","https://wa.me/5531985437057","5","1","Nota alta + poucas avaliações - credibilidade","Oi! Tava procurando lojas por aqui e encontrei vocês. Achei o perfil de vocês em Jardim Leblon com nota máxima — parabéns! Uma nota que a maioria das lojas da região não tem. Um site profissional puxaria mais gente que pesquisa uma loja confiável na região — a nota de vocês fala por si só. Quer ver um exemplo rápido?"
"Plena Modas","Jardim Guanabara","+55 31 98411-4497","https://wa.me/5531984114497","5","1","Nota alta + poucas avaliações - credibilidade","Oi! A loja de vocês que trabalha com roupas em Jardim Guanabara tem nota máxima no Google, mas poucas avaliações pra comprovar. Um site profissional puxaria mais gente que pesquisa uma loja confiável na região — a nota de vocês fala por si só. Quer ver um exemplo rápido?"
"Lulu Store","Miramar (Barreiro)","+55 31 98708-3938","https://wa.me/5531987083938","4.9","96","Muitas avaliações - automação/catálogo","Oi, Lulu Store! Vi que vocês acumulam 96 avaliações em Miramar (Barreiro) com nota 4.9 — um dos perfis mais fortes que achei na região. Um site à altura disso captaria cliente direto do Google, sem depender só de indicação. Quer ver uma demonstração?"
"Sol & Lua Moda Íntima","Acaiaca","+55 31 99120-5744","https://wa.me/5531991205744","4.9","84","Muitas avaliações - automação/catálogo","Oi, pessoal da Sol & Lua Moda Íntima! Vi que vocês acumulam 84 avaliações em Acaiaca com nota 4.9 — um dos perfis mais fortes que achei na região. Um site à altura disso captaria cliente direto do Google, sem depender só de indicação. Quer ver uma demonstração?"
"Plus Store BH","Guarani","+55 31 99554-8424","https://wa.me/5531995548424","4.9","55","Muitas avaliações - automação/catálogo","Olá, Plus Store BH! Vi que vocês acumulam 55 avaliações em Guarani com nota 4.9 — um dos perfis mais fortes que achei na região. Um site à altura disso captaria cliente direto do Google, sem depender só de indicação. Quer ver uma demonstração?"
"D Villas Lingerie","Teixeira Dias","+55 31 3586-0004","https://wa.me/553135860004","4.9","50","Muitas avaliações - automação/catálogo","Oi! Tudo certo? Vi que vocês acumulam 50 avaliações em Teixeira Dias com nota 4.9 — um dos perfis mais fortes que achei na região. Um site à altura disso captaria cliente direto do Google, sem depender só de indicação. Quer ver uma demonstração?"
"Vila pinho store","Vila Pinho Vale do Jatobá","+55 31 98392-8959","https://wa.me/5531983928959","4.9","47","Presença digital básica - concorrência","Oi! Te achei pesquisando lojas na região. Encontrei a loja de vocês em Vila Pinho Vale do Jatobá no Google, mas o perfil tem pouquíssima informação. Um site simples custa pouco e pesa muito na hora do cliente escolher. Posso te enviar um exemplo?"
"Modèle Boutique","Santa Amelia","+55 31 98511-2336","https://wa.me/5531985112336","4.9","43","Presença digital básica - concorrência","Oi! A loja de vocês em Santa Amelia aparece no Google com nota 4.9, mas quem clica não encontra site nem catálogo. Um site resolveria isso em poucos dias. Quer ver um modelo?"
"Lavigneloja","São Tomaz","+55 31 98549-4345","https://wa.me/5531985494345","4.9","36","Presença digital básica - concorrência","Oi, tudo bem? Encontrei a loja de vocês que trabalha com roupas em São Tomaz — nota 4.9 no Google, mas o perfil não ajuda quem pesquisa. Uma página simples conserta isso e ainda ajuda o Google a te achar. Quer ver o que eu faria?"
"Sandra Modas","Cardoso","+55 31 3388-9330","https://wa.me/553133889330","4.9","34","Presença digital básica - concorrência","Oi, Sandra Modas! Pesquisei vocês em Cardoso e a única coisa que achei foi o Google com nota 4.9 — site e catálogo não existem. Posso te mostrar, em dois minutos, como ficaria a página de vocês. Sem compromisso, quer ver?"
"Roupas Femininas - Complemento Bouttique - BH","Santa Amelia","+55 31 3309-1377","https://wa.me/553133091377","4.9","24","Presença digital básica - concorrência","Olá! O perfil de vocês em Santa Amelia no Google tem nota 4.9, mas não leva ninguém a lugar nenhum — sem site, sem catálogo, sem WhatsApp visível. Uma página simples resolveria isso rápido — e custa menos do que vocês imaginam. Topa dar uma olhada num exemplo?"
"Mimos Boutique Moda","Copacabana","+55 31 99781-8221","https://wa.me/5531997818221","4.9","12","Nota alta + poucas avaliações - credibilidade","Oi! O Google mostra a loja de vocês em Copacabana com nota 4.9, mas são poucas avaliações — e quem ainda não conhece procura prova antes de chamar. Um site profissional puxaria mais gente que pesquisa uma loja confiável na região — a nota de vocês fala por si só. Quer ver um exemplo rápido?"
"Flavia Valinas Moda Feminina","Guarani","+55 31 97507-8885","https://wa.me/5531975078885","4.9","9","Nota alta + poucas avaliações - credibilidade","Oi, tudo bem? O Google mostra a loja de vocês em Guarani com nota 4.9, mas são poucas avaliações — e quem ainda não conhece procura prova antes de chamar. Um site profissional puxaria mais gente que pesquisa uma loja confiável na região — a nota de vocês fala por si só. Quer ver um exemplo rápido?"
"Moça Bonita","Vila da Serra","+55 31 99370-5525","https://wa.me/5531993705525","4.9","8","Nota alta + poucas avaliações - credibilidade","Oi, Moça Bonita! O Google mostra a loja de vocês em Vila da Serra com nota 4.9, mas são poucas avaliações — e quem ainda não conhece procura prova antes de chamar. Um site profissional puxaria mais gente que pesquisa uma loja confiável na região — a nota de vocês fala por si só. Quer ver um exemplo rápido?"
"Laysa Lana","Tirol","+55 31 3382-9345","https://wa.me/553133829345","4.9","7","Nota alta + poucas avaliações - credibilidade","Oi, tudo bem? A loja de vocês que trabalha com roupas em Tirol tem nota 4.9 no Google, mas poucas avaliações pra comprovar. E é exatamente aí que um site simples entra: mostra o trabalho e segura quem pesquisa. Posso te mostrar um exemplo?"
"Atacarejo Da Moda","Venda Nova","+55 31 98260-8335","https://wa.me/5531982608335","4.8","63","Muitas avaliações - automação/catálogo","Oi! Tudo certo? 63 avaliações em Venda Nova com nota 4.8 — a prova está nos números, falta só uma vitrine pra quem chega pelo Google. Um site à altura disso captaria cliente direto do Google, sem depender só de indicação. Quer ver uma demonstração?"
"Loja Mundo Kids","Barreiro","+55 31 99298-3397","https://wa.me/5531992983397","4.8","45","Presença digital básica - concorrência","Oi! Te achei pesquisando lojas na região. Encontrei a loja de vocês que trabalha com moda infantil em Barreiro — nota 4.8 no Google, mas o perfil não ajuda quem pesquisa. Um site resolveria isso em poucos dias. Quer ver um modelo?"
"Autêntica Modas/Calçados","Miramar (Barreiro)","+55 31 3322-7009","https://wa.me/553133227009","4.8","41","Presença digital básica - concorrência","Oi! Pesquisei vocês em Miramar (Barreiro) e a única coisa que achei foi o Google com nota 4.8 — site e catálogo não existem. Uma página simples conserta isso e ainda ajuda o Google a te achar. Quer ver o que eu faria?"
"Filusa Moda Evangelica","Tupi","+55 31 99158-3102","https://wa.me/5531991583102","4.8","25","Presença digital básica - concorrência","Oi, tudo bem? O perfil de vocês em Tupi no Google tem nota 4.8, mas não leva ninguém a lugar nenhum — sem site, sem catálogo, sem WhatsApp visível. Posso te mostrar, em dois minutos, como ficaria a página de vocês. Sem compromisso, quer ver?"
"Style India","Venda Nova","+55 31 97590-0278","https://wa.me/5531975900278","4.8","21","Presença digital básica - concorrência","Oi, Style India! Vocês aparecem em Venda Nova com nota 4.8, mas quem pesquisa só encontra o perfil do Google — e nada além disso. Uma página simples resolveria isso rápido — e custa menos do que vocês imaginam. Topa dar uma olhada num exemplo?"
"Loja Tune Moda Feminina","Floresta","+55 31 3063-0340","https://wa.me/553130630340","4.8","20","Presença digital básica - concorrência","Olá! A Loja Tune Moda Feminina em Floresta tem nota 4.8, mas sem site, sem catálogo e sem página própria, quem pesquisa nem sabe o que vocês fazem. Posso montar um modelo gratuito pra vocês verem como ficaria. Interessado?"
"Dondokita","Dona Clara","+55 31 3497-4503","https://wa.me/553134974503","4.8","16","Nota alta + poucas avaliações - credibilidade","Oi, tudo bem? O perfil de vocês em Dona Clara acumula nota 4.8, mas são poucas avaliações pra transformar isso em confiança na busca. E é exatamente aí que um site simples entra: mostra o trabalho e segura quem pesquisa. Posso te mostrar um exemplo?"
"Mega Lojão do Brás","Guarani","+55 31 99211-1616","https://wa.me/5531992111616","4.8","15","Nota alta + poucas avaliações - credibilidade","Oi, tudo bem? Encontrei o perfil de vocês em Guarani com nota 4.8, mas com tão poucas avaliações que a nota acaba não pesando na escolha. Um site profissional puxaria mais gente que pesquisa uma loja confiável na região — a nota de vocês fala por si só. Quer ver um exemplo rápido?"
"Stok Outlet","Boa Vista","+55 31 99151-6244","https://wa.me/5531991516244","4.7","80","Muitas avaliações - automação/catálogo","Oi, pessoal da Stok Outlet! 80 avaliações é muita gente atendida — tudo isso com nota 4.7. Com um site, esse trabalho passa a se vender sozinho: catálogo, contato e orçamento sem precisar de atendente. Consigo te mostrar um modelo?"
"Vanessa Modas","Tupi","+55 31 3445-7124","https://wa.me/553134457124","4.7","41","Presença digital básica - concorrência","Oi, Vanessa Modas! Encontrei a loja de vocês que trabalha com roupas em Tupi — nota 4.7 no Google, mas o perfil não ajuda quem pesquisa. Um site simples custa pouco e pesa muito na hora do cliente escolher. Posso te enviar um exemplo?"
"FINO TRATO moda feminina","Santa Amelia","+55 31 3492-1088","https://wa.me/553134921088","4.7","32","Presença digital básica - concorrência","Olá! Pesquisei vocês em Santa Amelia e a única coisa que achei foi o Google com nota 4.7 — site e catálogo não existem. Um site resolveria isso em poucos dias. Quer ver um modelo?"
"Loja Papua","Cardoso","+55 31 3381-0934","https://wa.me/553133810934","4.7","24","Presença digital básica - concorrência","Oi! Te achei pesquisando lojas na região. O perfil de vocês em Cardoso no Google tem nota 4.7, mas não leva ninguém a lugar nenhum — sem site, sem catálogo, sem WhatsApp visível. Uma página simples conserta isso e ainda ajuda o Google a te achar. Quer ver o que eu faria?"
"Max 10 Moda","São Gabriel","+55 31 98700-8477","https://wa.me/5531987008477","4.6","181","Muitas avaliações - automação/catálogo","Olá, Max 10 Moda! 181 avaliações em São Gabriel com nota 4.6 — a prova está nos números, falta só uma vitrine pra quem chega pelo Google. Um site transformaria esse movimento em venda até fora do horário. Posso te mandar um exemplo?"
"Moda Feminina","Itapoã","+55 31 99700-7216","https://wa.me/5531997007216","4.6","41","Presença digital básica - concorrência","Oi, tudo bem? A Moda Feminina em Itapoã tem nota 4.6, mas sem site, sem catálogo e sem página própria, quem pesquisa nem sabe o que vocês fazem. Uma página simples resolveria isso rápido — e custa menos do que vocês imaginam. Topa dar uma olhada num exemplo?"
"Loja Super Bonita","Santa Efigênia","+55 31 3241-1160","https://wa.me/553132411160","4.6","26","Presença digital básica - concorrência","Oi, Loja Super Bonita! Vi a loja de vocês em Santa Efigênia com nota 4.6 no Google, mas quase sem informações pra quem pesquisa. Posso montar um modelo gratuito pra vocês verem como ficaria. Interessado?"
"DMQ Store","Pampulha","+55 31 99164-9820","https://wa.me/5531991649820","4.6","25","Presença digital básica - concorrência","Olá! Encontrei a loja de vocês em Pampulha no Google, mas o perfil tem pouquíssima informação. Um site simples resolve isso rapidinho e evita perder cliente pra concorrência. Posso te mostrar um exemplo?"
"Estação Moda Maior","Venda Nova","+55 31 3457-5473","https://wa.me/553134575473","4.6","8","Nota alta + poucas avaliações - credibilidade","Oi, tudo bem? A loja de vocês em Venda Nova tem nota 4.6 no Google, mas poucas avaliações pra comprovar. Uma página de apresentação simples mudaria isso em poucos dias. Quer ver um exemplo do que eu faria?"
"A Lolita modas plus","Miramar (Barreiro)","+55 31 99409-9432","https://wa.me/5531994099432","4.5","106","Muitas avaliações - automação/catálogo","Oi, A Lolita modas plus! 106 avaliações com nota 4.5 não é sorte — é trabalho bem feito. Com um site, esse trabalho passa a se vender sozinho: catálogo, contato e orçamento sem precisar de atendente. Consigo te mostrar um modelo?"
"Street Sport","Belvedere","+55 31 3517-7406","https://wa.me/553135177406","4.5","6","Nota alta + poucas avaliações - credibilidade","Olá! Como vai? O Google mostra a loja de vocês em Belvedere com nota 4.5, mas são poucas avaliações — e quem ainda não conhece procura prova antes de chamar. Com essa nota, um site simples vira a prova que falta. Quer ver um exemplo?"